Cheese,S2,2
Cheese,S7,7
Pepperoni,S4,4
Veggie,S2,2
Pepperoni,S6,6
Veggie,S1,1
Canadian,S6,6
Veggie,S7,7
Veggie,S3,3
Veggie,S6,6
Cheese,S4,4
Pepperoni,S1,1
Pepperoni,S6,6
Veggie,S3,3
Cheese,S3,3
Pepperoni,S4,4
Veggie,S2,2
Cheese,S1,1
Pepperoni,S4,4
Pepperoni,S5,5
Pepperoni,S3,3
Canadian,S4,4
Veggie,S5,5
Cheese,S6,6
Pepperoni,S1,1
Cheese,S4,4
Veggie,S2,2
Pepperoni,S1,1
Pepperoni,S4,4
Canadian,S1,1
Canadian,S5,5
Canadian,S5,5
Pepperoni,S1,1
Pepperoni,S5,5
Veggie,S6,6
Veggie,S3,3
Canadian,S4,4
Cheese,S2,2
Cheese,S6,6
Canadian,S4,4
Veggie,S4,4
Cheese,S5,5
Veggie,S3,3
Veggie,S2,2
Cheese,S7,7
Canadian,S2,2
Veggie,S5,5
Pepperoni,S3,3
Canadian,S3,3
Veggie,S5,5
Cheese,S2,2
Pepperoni,S1,1
Pepperoni,S7,7
Pepperoni,S3,3
Veggie,S2,2
Veggie,S5,5
Veggie,S4,4
Pepperoni,S2,2
Pepperoni,S3,3
Veggie,S6,6
Pepperoni,S5,5
Cheese,S3,3
Cheese,S5,5
Veggie,S5,5
Cheese,S6,6
Canadian,S4,4
Cheese,S2,2
Veggie,S4,4
Veggie,S4,4
Cheese,S6,6
Veggie,S6,6
Canadian,S3,3
Pepperoni,S2,2
Pepperoni,S5,5
Cheese,S2,2
Pepperoni,S2,2
Cheese,S4,4
Canadian,S3,3
Veggie,S6,6
Cheese,S2,2
Canadian,S4,4
Veggie,S1,1
Veggie,S6,6
Cheese,S3,3
Cheese,S5,5
Cheese,S5,5
Cheese,S6,6
Veggie,S2,2
Cheese,S2,2
Cheese,S1,1
Canadian,S2,2
Cheese,S2,2
Veggie,S5,5
Cheese,S1,1
Pepperoni,S2,2
Cheese,S7,7
Cheese,S5,5
Veggie,S4,4
Pepperoni,S2,2
Cheese,S3,3
Canadian,S6,6
Cheese,S1,1
Canadian,S6,6
Pepperoni,S5,5
Cheese,S7,7
Veggie,S6,6
Pepperoni,S2,2
Veggie,S4,4
Veggie,S1,1
Anchovie,,
Anchovie,,
Anchovie,,
Anchovie,,
Anchovie,,
Anchovie,,
Anchovie,,
Anchovie,,
Anchovie,,
